Table 13,,,,,,,,,,,,,
Hate Crime Incidents,,,,,,,,,,,,,
"per Bias Motivation and Quarter
",,,,,,,,,,,,,
"by State and Agency, 2015",,,,,,,,,,,,,
State,Agency Type,Agency name,,,,,,,,,,,
,,,"Race/
Ethnicity/
Ancestry",,,,,,,,,,
Alabama,Total,,8,,,,,,,,,,
,Cities,,8,,,,,,,,,,
,,Birmingham,3,,,,,,,,,,
,,Hoover,4,,,,,,,,,,
,,Prattville,1,,,,,,,,,,
Alaska,Total,,7,,,,,,,,,,
,Cities,,7,,,,,,,,,,
,,Anchorage,4,,,,,,,,,,
,,Kotzebue,1,,,,,,,,,,
,,North Pole,1,,,,,,,,,,
,,Soldotna,1,,,,,,,,,,
Arizona,Total,,162,,,,,,,,,,
,Cities,,157,,,,,,,,,,
,,Apache Junction,2,,,,,,,,,,
,,Avondale,1,,,,,,,,,,
,,Chandler,1,,,,,,,,,,
,,El Mirage,0,,,,,,,,,,
,,Gilbert,3,,,,,,,,,,
,,Glendale,5,,,,,,,,,,
,,Holbrook,0,,,,,,,,,,
,,Mesa,2,,,,,,,,,,
,,Nogales,0,,,,,,,,,,
,,Phoenix,137,,,,,,,,,,
,,Prescott,1,,,,,,,,,,
,,Scottsdale,1,,,,,,,,,,
,,Tucson,1,,,,,,,,,,
,,Williams,0,,,,,,,,,,
,,Yuma,3,,,,,,,,,,
,Universities and Colleges,,2,,,,,,,,,,
,,"Arizona State University, Main Campus",2,,,,,,,,,,
,Metropolitan Counties,,3,,,,,,,,,,
,,Maricopa,1,,,,,,,,,,
,,Pima,1,,,,,,,,,,
,,Pinal,1,,,,,,,,,,
,,Yavapai,0,,,,,,,,,,
,Nonmetropolitan Counties,,0,,,,,,,,,,
,,Graham,0,,,,,,,,,,
Arkansas,Total,,3,,,,,,,,,,
,Cities,,1,,,,,,,,,,
,,Bryant,1,,,,,,,,,,
,,Fort Smith,0,,,,,,,,,,
,Metropolitan Counties,,1,,,,,,,,,,
,,Sebastian,1,,,,,,,,,,
,Nonmetropolitan Counties,,1,,,,,,,,,,
,,Boone,1,,,,,,,,,,
California,Total,,427,,,,,,,,,,
,Cities,,349,,,,,,,,,,
,,Alameda,1,,,,,,,,,,
,,Alhambra,0,,,,,,,,,,
,,Antioch,5,,,,,,,,,,
,,Azusa,2,,,,,,,,,,
,,Bakersfield,1,,,,,,,,,,
,,Banning,1,,,,,,,,,,
,,Bellflower,1,,,,,,,,,,
,,Bell Gardens,2,,,,,,,,,,
,,Berkeley,2,,,,,,,,,,
,,Beverly Hills,0,,,,,,,,,,
,,Brisbane,1,,,,,,,,,,
,,Buena Park,0,,,,,,,,,,
,,Burbank,1,,,,,,,,,,
,,Calabasas,1,,,,,,,,,,
,,Camarillo,1,,,,,,,,,,
,,Carmel,0,,,,,,,,,,
,,Carson,3,,,,,,,,,,
,,Chino Hills,0,,,,,,,,,,
,,Chula Vista,1,,,,,,,,,,
,,Citrus Heights,1,,,,,,,,,,
,,Claremont,1,,,,,,,,,,
,,Clearlake,5,,,,,,,,,,
,,Clovis,1,,,,,,,,,,
,,Coachella,0,,,,,,,,,,
,,Colton,0,,,,,,,,,,
,,Commerce,0,,,,,,,,,,
,,Compton,1,,,,,,,,,,
,,Concord,3,,,,,,,,,,
,,Covina,1,,,,,,,,,,
,,Cypress,1,,,,,,,,,,
,,Daly City,1,,,,,,,,,,
,,Davis,2,,,,,,,,,,
,,Diamond Bar,2,,,,,,,,,,
,,East Palo Alto,0,,,,,,,,,,
,,El Cajon,0,,,,,,,,,,
,,El Cerrito,2,,,,,,,,,,
,,Elk Grove,2,,,,,,,,,,
,,El Monte,2,,,,,,,,,,
,,El Segundo,1,,,,,,,,,,
,,Escondido,6,,,,,,,,,,
,,Eureka,2,,,,,,,,,,
,,Fairfield,0,,,,,,,,,,
,,Firebaugh,1,,,,,,,,,,
,,Folsom,2,,,,,,,,,,
,,Fort Bragg,0,,,,,,,,,,
,,Foster City,0,,,,,,,,,,
,,Fremont,2,,,,,,,,,,
,,Fresno,7,,,,,,,,,,
,,Fullerton,1,,,,,,,,,,
,,Galt,2,,,,,,,,,,
,,Garden Grove,1,,,,,,,,,,
,,Glendale,1,,,,,,,,,,
,,Glendora,1,,,,,,,,,,
,,Goleta,1,,,,,,,,,,
,,Greenfield,0,,,,,,,,,,
,,Gridley,1,,,,,,,,,,
,,Hanford,1,,,,,,,,,,
,,Hawaiian Gardens,2,,,,,,,,,,
,,Hawthorne,3,,,,,,,,,,
,,Hayward,3,,,,,,,,,,
,,Hemet,2,,,,,,,,,,
,,Hermosa Beach,1,,,,,,,,,,
,,Hesperia,0,,,,,,,,,,
,,Hollister,0,,,,,,,,,,
,,Huntington Beach,0,,,,,,,,,,
,,Huntington Park,3,,,,,,,,,,
,,Imperial,1,,,,,,,,,,
,,Imperial Beach,1,,,,,,,,,,
,,Indio,1,,,,,,,,,,
,,Industry,1,,,,,,,,,,
,,Irvine,1,,,,,,,,,,
,,Jurupa Valley,1,,,,,,,,,,
,,Kerman,0,,,,,,,,,,
,,Laguna Beach,1,,,,,,,,,,
,,Lake Elsinore,0,,,,,,,,,,
,,Lake Forest,4,,,,,,,,,,
,,Lakewood,2,,,,,,,,,,
,,La Mirada,1,,,,,,,,,,
,,Lancaster,3,,,,,,,,,,
,,Lawndale,0,,,,,,,,,,
,,Lemoore,1,,,,,,,,,,
,,Livermore,0,,,,,,,,,,
,,Lodi,1,,,,,,,,,,
,,Lomita,1,,,,,,,,,,
,,Long Beach,6,,,,,,,,,,
,,Los Alamitos,1,,,,,,,,,,
,,Los Angeles,92,,,,,,,,,,
,,Los Gatos,1,,,,,,,,,,
,,Malibu,0,,,,,,,,,,
,,Manhattan Beach,1,,,,,,,,,,
,,Manteca,0,,,,,,,,,,
,,Marina,0,,,,,,,,,,
,,Marysville,1,,,,,,,,,,
,,Menifee,1,,,,,,,,,,
,,Merced,1,,,,,,,,,,
,,Mission Viejo,1,,,,,,,,,,
,,Modesto,4,,,,,,,,,,
,,Montebello,0,,,,,,,,,,
,,Monterey Park,2,,,,,,,,,,
,,Moorpark,0,,,,,,,,,,
,,Moreno Valley,0,,,,,,,,,,
,,Napa,1,,,,,,,,,,
,,National City,1,,,,,,,,,,
,,Newark,0,,,,,,,,,,
,,Newport Beach,1,,,,,,,,,,
,,Norwalk,3,,,,,,,,,,
,,Oakland,6,,,,,,,,,,
,,Oceanside,1,,,,,,,,,,
,,Ontario,0,,,,,,,,,,
,,Orange,1,,,,,,,,,,
,,Oxnard,7,,,,,,,,,,
,,Palmdale,2,,,,,,,,,,
,,Palm Desert,0,,,,,,,,,,
,,Palm Springs,0,,,,,,,,,,
,,Palo Alto,3,,,,,,,,,,
,,Paramount,2,,,,,,,,,,
,,Pasadena,0,,,,,,,,,,
,,Placentia,1,,,,,,,,,,
,,Pleasant Hill,1,,,,,,,,,,
,,Port Hueneme,1,,,,,,,,,,
,,Rancho Cucamonga,4,,,,,,,,,,
,,Rancho Palos Verdes,1,,,,,,,,,,
,,Redding,6,,,,,,,,,,
,,Redlands,2,,,,,,,,,,
,,Redondo Beach,1,,,,,,,,,,
,,Rialto,1,,,,,,,,,,
,,Richmond,1,,,,,,,,,,
,,Riverside,3,,,,,,,,,,
,,Roseville,1,,,,,,,,,,
,,Sacramento,3,,,,,,,,,,
,,Salinas,1,,,,,,,,,,
,,San Bernardino,3,,,,,,,,,,
,,San Diego,14,,,,,,,,,,
,,San Dimas,1,,,,,,,,,,
,,San Francisco,10,,,,,,,,,,
,,San Jacinto,1,,,,,,,,,,
,,San Jose,3,,,,,,,,,,
,,San Juan Capistrano,0,,,,,,,,,,
,,San Leandro,2,,,,,,,,,,
,,San Marino,1,,,,,,,,,,
,,San Mateo,0,,,,,,,,,,
,,Santa Ana,2,,,,,,,,,,
,,Santa Barbara,0,,,,,,,,,,
,,Santa Clarita,2,,,,,,,,,,
,,Santa Cruz,4,,,,,,,,,,
,,Santa Monica,0,,,,,,,,,,
,,Santa Rosa,1,,,,,,,,,,
,,Santee,0,,,,,,,,,,
,,Scotts Valley,1,,,,,,,,,,
,,Seaside,1,,,,,,,,,,
,,Selma,0,,,,,,,,,,
,,Simi Valley,4,,,,,,,,,,
,,Sonoma,1,,,,,,,,,,
,,Sonora,0,,,,,,,,,,
,,South Gate,0,,,,,,,,,,
,,Stockton,1,,,,,,,,,,
,,Temecula,1,,,,,,,,,,
,,Thousand Oaks,0,,,,,,,,,,
,,Torrance,0,,,,,,,,,,
,,Tracy,2,,,,,,,,,,
,,Turlock,3,,,,,,,,,,
,,Upland,1,,,,,,,,,,
,,Ventura,2,,,,,,,,,,
,,Victorville,0,,,,,,,,,,
,,Visalia,2,,,,,,,,,,
,,Vista,2,,,,,,,,,,
,,Walnut Creek,1,,,,,,,,,,
,,West Covina,2,,,,,,,,,,
,,West Hollywood,3,,,,,,,,,,
,,Westminster,0,,,,,,,,,,
,Universities and Colleges,,14,,,,,,,,,,
,,"California State Polytechnic University, San Luis Obispo",1,,,,,,,,,,
,,California State University:,,,,,,,,,,,
,,Dominguez Hills,1,,,,,,,,,,
,,Fullerton,0,,,,,,,,,,
,,Northridge,1,,,,,,,,,,
,,San Jose,1,,,,,,,,,,
,,Humboldt State University,1,,,,,,,,,,
,,San Diego State University,1,,,,,,,,,,
,,University of California:,,,,,,,,,,,
,,Berkeley,0,,,,,,,,,,
,,Davis,2,,,,,,,,,,
,,Los Angeles,5,,,,,,,,,,
,,Santa Cruz,0,,,,,,,,,,
,,Ventura County Community College District,1,,,,,,,,,,
,Metropolitan Counties,,43,,,,,,,,,,
,,Kern,2,,,,,,,,,,
,,Kings,0,,,,,,,,,,
,,Los Angeles,16,,,,,,,,,,
,,Marin,0,,,,,,,,,,
,,Orange,1,,,,,,,,,,
,,Placer,0,,,,,,,,,,
,,Riverside,1,,,,,,,,,,
,,Sacramento,6,,,,,,,,,,
,,San Bernardino,5,,,,,,,,,,
,,San Diego,8,,,,,,,,,,
,,San Joaquin,0,,,,,,,,,,
,,San Luis Obispo,1,,,,,,,,,,
,,San Mateo,2,,,,,,,,,,
,,Santa Clara,0,,,,,,,,,,
,,Sonoma,1,,,,,,,,,,
,,Stanislaus,0,,,,,,,,,,
,,Ventura,0,,,,,,,,,,
,Nonmetropolitan Counties,,6,,,,,,,,,,
,,Amador,1,,,,,,,,,,
,,Calaveras,0,,,,,,,,,,
,,Colusa,1,,,,,,,,,,
,,Del Norte,0,,,,,,,,,,
,,Lake,1,,,,,,,,,,
,,Mendocino,1,,,,,,,,,,
,,Nevada,2,,,,,,,,,,
Colorado,Total,,65,,,,,,,,,,
,Cities,,47,,,,,,,,,,
,,Arvada,1,,,,,,,,,,
,,Aspen,1,,,,,,,,,,
,,Aurora,4,,,,,,,,,,
,,Basalt,1,,,,,,,,,,
,,Boulder,1,,,,,,,,,,
,,Breckenridge,1,,,,,,,,,,
,,Castle Rock,1,,,,,,,,,,
,,Centennial,1,,,,,,,,,,
,,Colorado Springs,5,,,,,,,,,,
,,Craig,1,,,,,,,,,,
,,Denver,8,,,,,,,,,,
,,Durango,1,,,,,,,,,,
,,Englewood,0,,,,,,,,,,
,,Fort Collins,3,,,,,,,,,,
,,Glenwood Springs,2,,,,,,,,,,
,,Golden,1,,,,,,,,,,
,,Grand Junction,1,,,,,,,,,,
,,Greeley,1,,,,,,,,,,
,,Greenwood Village,2,,,,,,,,,,
,,La Junta,1,,,,,,,,,,
,,Littleton,0,,,,,,,,,,
,,Longmont,2,,,,,,,,,,
,,Loveland,0,,,,,,,,,,
,,Pueblo,5,,,,,,,,,,
,,Sterling,1,,,,,,,,,,
,,Trinidad,0,,,,,,,,,,
,,Walsenburg,2,,,,,,,,,,
,Universities and Colleges,,2,,,,,,,,,,
,,Auraria Higher Education Center2,0,,,,,,,,,,
,,University of Colorado:,,,,,,,,,,,
,,Boulder,1,,,,,,,,,,
,,Colorado Springs,1,,,,,,,,,,
,Metropolitan Counties,,14,,,,,,,,,,
,,Adams,1,,,,,,,,,,
,,Arapahoe,5,,,,,,,,,,
,,Boulder,2,,,,,,,,,,
,,El Paso,1,,,,,,,,,,
,,Jefferson,0,,,,,,,,,,
,,Larimer,1,,,,,,,,,,
,,Mesa,1,,,,,,,,,,
,,Pueblo,1,,,,,,,,,,
,,Weld,2,,,,,,,,,,
,Nonmetropolitan Counties,,2,,,,,,,,,,
,,Garfield,1,,,,,,,,,,
,,La Plata,0,,,,,,,,,,
,,Pitkin,1,,,,,,,,,,
Connecticut,Total,,62,,,,,,,,,,
,Cities,,57,,,,,,,,,,
,,Bethel,1,,,,,,,,,,
,,Bloomfield,0,,,,,,,,,,
,,Bridgeport,5,,,,,,,,,,
,,Bristol,1,,,,,,,,,,
,,Cheshire,1,,,,,,,,,,
,,Danbury,2,,,,,,,,,,
,,Derby,1,,,,,,,,,,
,,Groton Town,0,,,,,,,,,,
,,Guilford,2,,,,,,,,,,
,,Hartford3,1,,,,,,,,,,
,,Manchester,1,,,,,,,,,,
,,Meriden,1,,,,,,,,,,
,,Middletown,3,,,,,,,,,,
,,New Britain,1,,,,,,,,,,
,,New Haven,7,,,,,,,,,,
,,Newington,1,,,,,,,,,,
,,New London,1,,,,,,,,,,
,,New Milford,1,,,,,,,,,,
,,North Branford,0,,,,,,,,,,
,,North Haven,1,,,,,,,,,,
,,Norwalk,1,,,,,,,,,,
,,Old Saybrook,1,,,,,,,,,,
,,Plainfield,1,,,,,,,,,,
,,Redding,0,,,,,,,,,,
,,Simsbury,0,,,,,,,,,,
,,Southington,1,,,,,,,,,,
,,Stamford,7,,,,,,,,,,
,,Stonington,1,,,,,,,,,,
,,Stratford,2,,,,,,,,,,
,,Suffield,1,,,,,,,,,,
,,Torrington,3,,,,,,,,,,
,,Trumbull,1,,,,,,,,,,
,,Vernon,1,,,,,,,,,,
,,Wallingford,1,,,,,,,,,,
,,Waterford,1,,,,,,,,,,
,,West Hartford,1,,,,,,,,,,
,,West Haven,1,,,,,,,,,,
,,Westport,0,,,,,,,,,,
,,Winchester,1,,,,,,,,,,
,,Windsor,1,,,,,,,,,,
,Universities and Colleges,,5,,,,,,,,,,
,,Central Connecticut State University,2,,,,,,,,,,
,,"University of Connecticut, Storrs, Avery Point and Hartford2",1,,,,,,,,,,
,,Western Connecticut State University,2,,,,,,,,,,
Delaware,Total,,9,,,,,,,,,,
,Cities,,5,,,,,,,,,,
,,Laurel,1,,,,,,,,,,
,,Milford,1,,,,,,,,,,
,,Milton,1,,,,,,,,,,
,,Wilmington,2,,,,,,,,,,
,Metropolitan Counties,,3,,,,,,,,,,
,,New Castle County Police Department,3,,,,,,,,,,
District of Columbia,Total,,23,,,,,,,,,,
,Cities,,22,,,,,,,,,,
,,Washington,22,,,,,,,,,,
,,,,,,,,,,,,,
,,,,,,,,,,,,,
Florida,Total,,44,,,,,,,,,,
,Cities,,21,,,,,,,,,,
,,Clearwater,2,,,,,,,,,,
,,Coral Springs,0,,,,,,,,,,
,,Daytona Beach Shores,1,,,,,,,,,,
,,Deland,0,,,,,,,,,,
,,Fort Myers,0,,,,,,,,,,
,,Gainesville,2,,,,,,,,,,
,,Melbourne,0,,,,,,,,,,
,,Miami Beach,2,,,,,,,,,,
,,Miami Gardens,6,,,,,,,,,,
,,New Port Richey,0,,,,,,,,,,
,,North Miami,0,,,,,,,,,,
,,North Palm Beach,0,,,,,,,,,,
,,North Port,1,,,,,,,,,,
,,Ocala,1,,,,,,,,,,
,,Palm Bay,3,,,,,,,,,,
,,Pembroke Pines,0,,,,,,,,,,
,,Port St. Lucie,1,,,,,,,,,,
,,South Daytona,1,,,,,,,,,,
,,Tallahassee,0,,,,,,,,,,
,,Venice,1,,,,,,,,,,
,,West Palm Beach,0,,,,,,,,,,
,,Winter Garden,0,,,,,,,,,,
,Universities and Colleges,,1,,,,,,,,,,
,,"University of South Florida, Tampa",1,,,,,,,,,,
,Metropolitan Counties,,22,,,,,,,,,,
,,Charlotte,1,,,,,,,,,,
,,Clay,3,,,,,,,,,,
,,Collier,1,,,,,,,,,,
,,Escambia,2,,,,,,,,,,
,,Lake,1,,,,,,,,,,
,,Orange,2,,,,,,,,,,
,,Osceola,1,,,,,,,,,,
,,Pasco,1,,,,,,,,,,
,,Pinellas,0,,,,,,,,,,
,,Seminole,1,,,,,,,,,,
,,St. Johns,2,,,,,,,,,,
,,Volusia,6,,,,,,,,,,
,,Walton,1,,,,,,,,,,
Georgia,Total,,32,,,,,,,,,,
,Cities,,2,,,,,,,,,,
,,Athens-Clarke County,0,,,,,,,,,,
,,Atlanta,2,,,,,,,,,,
,Universities and Colleges,,3,,,,,,,,,,
,,Georgia Institute of Technology,1,,,,,,,,,,
,,University of Georgia,2,,,,,,,,,,
,Metropolitan Counties,,27,,,,,,,,,,
,,Cobb County Police Department,23,,,,,,,,,,
,,Gwinnett County Police Department,1,,,,,,,,,,
,,Henry County Police Department,3,,,,,,,,,,
Idaho,Total,,14,,,,,,,,,,
,Cities,,9,,,,,,,,,,
,,Boise,1,,,,,,,,,,
,,Caldwell,1,,,,,,,,,,
,,Coeur d'Alene,1,,,,,,,,,,
,,Garden City,0,,,,,,,,,,
,,Grangeville,0,,,,,,,,,,
,,Kimberly,1,,,,,,,,,,
,,Nampa,1,,,,,,,,,,
,,Osburn,1,,,,,,,,,,
,,Pocatello,1,,,,,,,,,,
,,Post Falls,1,,,,,,,,,,
,,Rexburg,0,,,,,,,,,,
,,Shoshone,0,,,,,,,,,,
,,Spirit Lake,0,,,,,,,,,,
,,St. Maries,1,,,,,,,,,,
,,Twin Falls,0,,,,,,,,,,
,Metropolitan Counties,,3,,,,,,,,,,
,,Canyon,0,,,,,,,,,,
,,Kootenai,3,,,,,,,,,,
,Nonmetropolitan Counties,,2,,,,,,,,,,
,,Cassia,1,,,,,,,,,,
,,Elmore,1,,,,,,,,,,
Illinois,Total,,59,,,,,,,,,,
,Cities,,57,,,,,,,,,,
,,Addison,0,,,,,,,,,,
,,Aurora,1,,,,,,,,,,
,,Beecher,1,,,,,,,,,,
,,Belleville,1,,,,,,,,,,
,,Berwyn,1,,,,,,,,,,
,,Bloomington,1,,,,,,,,,,
,,Centralia,1,,,,,,,,,,
,,Champaign,1,,,,,,,,,,
,,Chicago,19,,,,,,,,,,
,,Chicago Ridge,1,,,,,,,,,,
,,Danville,1,,,,,,,,,,
,,De Kalb,1,,,,,,,,,,
,,Des Plaines,0,,,,,,,,,,
,,Elgin,1,,,,,,,,,,
,,Evanston,0,,,,,,,,,,
,,Geneseo,1,,,,,,,,,,
,,Glenview,1,,,,,,,,,,
,,Grayslake,0,,,,,,,,,,
,,Lombard,1,,,,,,,,,,
,,Macomb,1,,,,,,,,,,
,,Marissa,1,,,,,,,,,,
,,Monmouth,2,,,,,,,,,,
,,Moweaqua,1,,,,,,,,,,
,,Normal,2,,,,,,,,,,
,,North Chicago,3,,,,,,,,,,
,,North Riverside,1,,,,,,,,,,
,,Oak Forest,1,,,,,,,,,,
,,Orland Park,1,,,,,,,,,,
,,Rantoul,1,,,,,,,,,,
,,Rockford,2,,,,,,,,,,
,,Rolling Meadows,1,,,,,,,,,,
,,Round Lake Park,1,,,,,,,,,,
,,Schaumburg,0,,,,,,,,,,
,,Silvis,1,,,,,,,,,,
,,Skokie,1,,,,,,,,,,
,,Springfield,2,,,,,,,,,,
,,Tuscola,0,,,,,,,,,,
,,Urbana,1,,,,,,,,,,
,,Wheeling,1,,,,,,,,,,
,Universities and Colleges,,0,,,,,,,,,,
,,Northern Illinois University,0,,,,,,,,,,
,Metropolitan Counties,,2,,,,,,,,,,
,,Champaign,1,,,,,,,,,,
,,DuPage,1,,,,,,,,,,
,,Sangamon,0,,,,,,,,,,
Indiana,Total,,43,,,,,,,,,,
,Cities,,32,,,,,,,,,,
,,Bloomington3,6,,,,,,,,,,
,,Fort Wayne,1,,,,,,,,,,
,,Hammond,2,,,,,,,,,,
,,Indianapolis,15,,,,,,,,,,
,,Muncie,1,,,,,,,,,,
,,Plainfield,1,,,,,,,,,,
,,Shelbyville,0,,,,,,,,,,
,,South Bend,6,,,,,,,,,,
,Universities and Colleges,,3,,,,,,,,,,
,,Indiana University:,,,,,,,,,,,
,,Bloomington3,2,,,,,,,,,,
,,Indianapolis,1,,,,,,,,,,
,Metropolitan Counties,,1,,,,,,,,,,
,,Clark3,0,,,,,,,,,,
,,Morgan3,1,,,,,,,,,,
Iowa,Total,,3,,,,,,,,,,
,Cities,,2,,,,,,,,,,
,,Cedar Rapids,0,,,,,,,,,,
,,Des Moines,1,,,,,,,,,,
,,De Witt,1,,,,,,,,,,
,Universities and Colleges,,1,,,,,,,,,,
,,Iowa State University,1,,,,,,,,,,
,Metropolitan Counties,,0,,,,,,,,,,
,,Scott,0,,,,,,,,,,
Kansas,Total,,46,,,,,,,,,,
,Cities,,36,,,,,,,,,,
,,Baxter Springs,1,,,,,,,,,,
,,Clay Center,1,,,,,,,,,,
,,Colby,1,,,,,,,,,,
,,Derby,1,,,,,,,,,,
,,Dodge City,2,,,,,,,,,,
,,Elwood,1,,,,,,,,,,
,,Garden City,1,,,,,,,,,,
,,Great Bend,1,,,,,,,,,,
,,Hoisington,1,,,,,,,,,,
,,Hutchinson,2,,,,,,,,,,
,,Iola,1,,,,,,,,,,
,,Leavenworth,1,,,,,,,,,,
,,Liberal,1,,,,,,,,,,
,,Newton,2,,,,,,,,,,
,,Overland Park3,4,,,,,,,,,,
,,Salina,3,,,,,,,,,,
,,Topeka,1,,,,,,,,,,
,,Valley Center,0,,,,,,,,,,
,,Wichita,10,,,,,,,,,,
,,Winfield,1,,,,,,,,,,
,Universities and Colleges,,1,,,,,,,,,,
,,Kansas State University,0,,,,,,,,,,
,,"University of Kansas, Medical Center2",1,,,,,,,,,,
,Metropolitan Counties,,3,,,,,,,,,,
,,Riley County Police Department,0,,,,,,,,,,
,,Sedgwick,1,,,,,,,,,,
,,Shawnee,0,,,,,,,,,,
,,Sumner,1,,,,,,,,,,
,,Wyandotte,1,,,,,,,,,,
,Nonmetropolitan Counties,,4,,,,,,,,,,
,,Cowley,1,,,,,,,,,,
,,Crawford,1,,,,,,,,,,
,,Ellis,0,,,,,,,,,,
,,Ford,1,,,,,,,,,,
,,Gray,1,,,,,,,,,,
Kentucky,Total,,113,,,,,,,,,,
,Cities,,80,,,,,,,,,,
,,Alexandria,0,,,,,,,,,,
,,Anchorage,0,,,,,,,,,,
,,Ashland,3,,,,,,,,,,
,,Bardstown,2,,,,,,,,,,
,,Benton,0,,,,,,,,,,
,,Bowling Green,5,,,,,,,,,,
,,Brownsville,0,,,,,,,,,,
,,Carrollton,1,,,,,,,,,,
,,Corbin,1,,,,,,,,,,
,,Covington,2,,,,,,,,,,
,,Dawson Springs,0,,,,,,,,,,
,,Dayton,2,,,,,,,,,,
,,Erlanger,3,,,,,,,,,,
,,Flemingsburg,0,,,,,,,,,,
,,Florence,1,,,,,,,,,,
,,Frankfort,2,,,,,,,,,,
,,Franklin,1,,,,,,,,,,
,,Georgetown,5,,,,,,,,,,
,,Glasgow,2,,,,,,,,,,
,,Henderson,2,,,,,,,,,,
,,Independence,0,,,,,,,,,,
,,Indian Hills,0,,,,,,,,,,
,,La Grange,0,,,,,,,,,,
,,Lexington,10,,,,,,,,,,
,,Louisville Metro,9,,,,,,,,,,
,,Lynnview,1,,,,,,,,,,
,,Mayfield,5,,,,,,,,,,
,,Monticello,1,,,,,,,,,,
,,Murray,0,,,,,,,,,,
,,Newport,2,,,,,,,,,,
,,Nicholasville,1,,,,,,,,,,
,,Oak Grove,1,,,,,,,,,,
,,Owensboro,3,,,,,,,,,,
,,Owingsville,1,,,,,,,,,,
,,Paducah,1,,,,,,,,,,
,,Paris,1,,,,,,,,,,
,,Pembroke,1,,,,,,,,,,
,,Princeton,2,,,,,,,,,,
,,Scottsville,1,,,,,,,,,,
,,Shepherdsville,2,,,,,,,,,,
,,Shively,2,,,,,,,,,,
,,Simpsonville,1,,,,,,,,,,
,,Taylor Mill,2,,,,,,,,,,
,,Taylorsville,0,,,,,,,,,,
,,Versailles,0,,,,,,,,,,
,,West Buechel,0,,,,,,,,,,
,,Winchester,1,,,,,,,,,,
,Universities and Colleges,,6,,,,,,,,,,
,,Eastern Kentucky University,1,,,,,,,,,,
,,Murray State University,1,,,,,,,,,,
,,Northern Kentucky University,1,,,,,,,,,,
,,University of Kentucky,2,,,,,,,,,,
,,University of Louisville,1,,,,,,,,,,
,Metropolitan Counties,,9,,,,,,,,,,
,,Boone,1,,,,,,,,,,
,,Bracken,0,,,,,,,,,,
,,Bullitt,1,,,,,,,,,,
,,Campbell County Police Department,1,,,,,,,,,,
,,Larue,0,,,,,,,,,,
,,Meade,1,,,,,,,,,,
,,Scott,1,,,,,,,,,,
,,Shelby,1,,,,,,,,,,
,,Warren,3,,,,,,,,,,
,Nonmetropolitan Counties,,11,,,,,,,,,,
,,Anderson,0,,,,,,,,,,
,,Ballard,1,,,,,,,,,,
,,Bell,1,,,,,,,,,,
,,Franklin,1,,,,,,,,,,
,,Graves,1,,,,,,,,,,
,,Grayson,1,,,,,,,,,,
,,Jackson,1,,,,,,,,,,
,,Laurel,1,,,,,,,,,,
,,Mason,1,,,,,,,,,,
,,Union,1,,,,,,,,,,
,,Webster,2,,,,,,,,,,
Louisiana,Total,,22,,,,,,,,,,
,Cities,,7,,,,,,,,,,
,,Mamou,1,,,,,,,,,,
,,Natchitoches,1,,,,,,,,,,
,,New Orleans,2,,,,,,,,,,
,,Shreveport,1,,,,,,,,,,
,,Vinton,1,,,,,,,,,,
,,Westlake,1,,,,,,,,,,
,Metropolitan Counties,,13,,,,,,,,,,
,,Bossier,1,,,,,,,,,,
,,Calcasieu,0,,,,,,,,,,
,,East Feliciana,1,,,,,,,,,,
,,Jefferson,1,,,,,,,,,,
,,Lafourche,8,,,,,,,,,,
,,Ouachita,0,,,,,,,,,,
,,St. Charles,1,,,,,,,,,,
,,St. Helena,1,,,,,,,,,,
,Nonmetropolitan Counties,,2,,,,,,,,,,
,,Madison,2,,,,,,,,,,
Maine,Total,,16,,,,,,,,,,
,Cities,,15,,,,,,,,,,
,,Augusta,2,,,,,,,,,,
,,Brewer,1,,,,,,,,,,
,,Islesboro,0,,,,,,,,,,
,,Lewiston,4,,,,,,,,,,
,,Livermore Falls,1,,,,,,,,,,
,,Old Orchard Beach,2,,,,,,,,,,
,,Portland,1,,,,,,,,,,
,,Saco,1,,,,,,,,,,
,,Sanford,0,,,,,,,,,,
,,Scarborough,1,,,,,,,,,,
,,South Portland,1,,,,,,,,,,
,,Topsham,1,,,,,,,,,,
,Metropolitan Counties,,0,,,,,,,,,,
,,Sagadahoc,0,,,,,,,,,,
Maryland,Total,,22,,,,,,,,,,
,Cities,,7,,,,,,,,,,
,,Baltimore,1,,,,,,,,,,
,,Bowie,0,,,,,,,,,,
,,Frederick,1,,,,,,,,,,
,,Greenbelt,1,,,,,,,,,,
,,Laurel,4,,,,,,,,,,
,Universities and Colleges,,0,,,,,,,,,,
,,Towson University,0,,,,,,,,,,
,Metropolitan Counties,,13,,,,,,,,,,
,,Baltimore County Police Department,1,,,,,,,,,,
,,Frederick,1,,,,,,,,,,
,,Harford,1,,,,,,,,,,
,,Montgomery County Police Department3,10,,,,,,,,,,
Massachusetts,Total,,198,,,,,,,,,,
,Cities,,184,,,,,,,,,,
,,Acton3,2,,,,,,,,,,
,,Agawam,0,,,,,,,,,,
,,Amesbury,2,,,,,,,,,,
,,Andover,1,,,,,,,,,,
,,Arlington,1,,,,,,,,,,
,,Attleboro,1,,,,,,,,,,
,,Barnstable,1,,,,,,,,,,
,,Bedford,1,,,,,,,,,,
,,Bellingham,1,,,,,,,,,,
,,Belmont,0,,,,,,,,,,
,,Beverly,0,,,,,,,,,,
,,Billerica,0,,,,,,,,,,
,,Boston3,81,,,,,,,,,,
,,Braintree,3,,,,,,,,,,
,,Brockton,0,,,,,,,,,,
,,Cambridge,10,,,,,,,,,,
,,Chicopee,2,,,,,,,,,,
,,Cohasset,0,,,,,,,,,,
,,Danvers3,2,,,,,,,,,,
,,Dracut,0,,,,,,,,,,
,,Easthampton,0,,,,,,,,,,
,,Everett,2,,,,,,,,,,
,,Falmouth,1,,,,,,,,,,
,,Granby,1,,,,,,,,,,
,,Haverhill,2,,,,,,,,,,
,,Hingham,1,,,,,,,,,,
,,Lowell,0,,,,,,,,,,
,,Ludlow,1,,,,,,,,,,
,,Lynn,7,,,,,,,,,,
,,Malden,1,,,,,,,,,,
,,Mansfield,0,,,,,,,,,,
,,Marblehead,0,,,,,,,,,,
,,Medford,5,,,,,,,,,,
,,Mendon,0,,,,,,,,,,
,,Methuen,2,,,,,,,,,,
,,Middleboro3,1,,,,,,,,,,
,,Milford,1,,,,,,,,,,
,,Milton,0,,,,,,,,,,
,,Montague,0,,,,,,,,,,
,,Nahant,1,,,,,,,,,,
,,Natick,0,,,,,,,,,,
,,Newton3,4,,,,,,,,,,
,,Northampton3,1,,,,,,,,,,
,,North Attleboro,0,,,,,,,,,,
,,Northbridge,0,,,,,,,,,,
,,Northfield,0,,,,,,,,,,
,,Norton,0,,,,,,,,,,
,,Palmer,1,,,,,,,,,,
,,Plymouth,3,,,,,,,,,,
,,Provincetown3,1,,,,,,,,,,
,,Quincy3,16,,,,,,,,,,
,,Randolph,1,,,,,,,,,,
,,Raynham,0,,,,,,,,,,
,,Reading,1,,,,,,,,,,
,,Rockport,0,,,,,,,,,,
,,Salem,3,,,,,,,,,,
,,Salisbury,1,,,,,,,,,,
,,Sherborn,0,,,,,,,,,,
,,Somerville3,3,,,,,,,,,,
,,Southborough,1,,,,,,,,,,
,,South Hadley,0,,,,,,,,,,
,,Springfield,4,,,,,,,,,,
,,Stoneham,3,,,,,,,,,,
,,Stoughton,0,,,,,,,,,,
,,Sutton,1,,,,,,,,,,
,,Swampscott,0,,,,,,,,,,
,,Taunton,0,,,,,,,,,,
,,Tisbury,1,,,,,,,,,,
,,Wakefield,0,,,,,,,,,,
,,Waltham,0,,,,,,,,,,
,,Wareham,1,,,,,,,,,,
,,Watertown,0,,,,,,,,,,
,,Woburn,1,,,,,,,,,,
,,Worcester,3,,,,,,,,,,
,Universities and Colleges,,13,,,,,,,,,,
,,Bentley University,0,,,,,,,,,,
,,Boston University,3,,,,,,,,,,
,,Bristol Community College,1,,,,,,,,,,
,,Clark University,0,,,,,,,,,,
,,Emerson College,1,,,,,,,,,,
,,Endicott College,0,,,,,,,,,,
,,Framingham State University,0,,,,,,,,,,
,,Massachusetts Institute of Technology,3,,,,,,,,,,
,,Northeastern University,4,,,,,,,,,,
,,Springfield Technical Community College,1,,,,,,,,,,
Michigan,Total,,198,,,,,,,,,,
,Cities,,167,,,,,,,,,,
,,Adrian,1,,,,,,,,,,
,,Albion,0,,,,,,,,,,
,,Ann Arbor,3,,,,,,,,,,
,,Bangor,1,,,,,,,,,,
,,Battle Creek,2,,,,,,,,,,
,,Benton Harbor,1,,,,,,,,,,
,,Berkley,2,,,,,,,,,,
,,Blackman Township,1,,,,,,,,,,
,,Bloomfield Hills,1,,,,,,,,,,
,,Bloomfield Township,1,,,,,,,,,,
,,Cadillac,2,,,,,,,,,,
,,Calumet,1,,,,,,,,,,
,,Canton Township,1,,,,,,,,,,
,,Cassopolis,1,,,,,,,,,,
,,Cheboygan,1,,,,,,,,,,
,,Chocolay Township,0,,,,,,,,,,
,,Clay Township,0,,,,,,,,,,
,,Clinton Township,1,,,,,,,,,,
,,Clio,1,,,,,,,,,,
,,Coleman,1,,,,,,,,,,
,,Dearborn,3,,,,,,,,,,
,,Decatur,1,,,,,,,,,,
,,Detroit,2,,,,,,,,,,
,,East Lansing,3,,,,,,,,,,
,,Elsie,1,,,,,,,,,,
,,Ferndale,1,,,,,,,,,,
,,Flint,3,,,,,,,,,,
,,Flint Township,2,,,,,,,,,,
,,Fraser,1,,,,,,,,,,
,,Galesburg,13,,,,,,,,,,
,,Gaylord,1,,,,,,,,,,
,,Genesee Township,1,,,,,,,,,,
,,Gibraltar,1,,,,,,,,,,
,,Grand Haven,1,,,,,,,,,,
,,Grand Rapids,3,,,,,,,,,,
,,Grandville,2,,,,,,,,,,
,,Grosse Pointe Woods,0,,,,,,,,,,
,,Hamtramck,0,,,,,,,,,,
,,Highland Township,1,,,,,,,,,,
,,Hillsdale,3,,,,,,,,,,
,,Holland,1,,,,,,,,,,
,,Howell,1,,,,,,,,,,
,,Huron Township,0,,,,,,,,,,
,,Independence Township,1,,,,,,,,,,
,,Jackson,1,,,,,,,,,,
,,Keego Harbor,1,,,,,,,,,,
,,Kentwood,1,,,,,,,,,,
,,Kinde,1,,,,,,,,,,
,,Lake Linden,1,,,,,,,,,,
,,Lansing,2,,,,,,,,,,
,,Lansing Township,0,,,,,,,,,,
,,Lapeer,4,,,,,,,,,,
,,Lincoln Park,2,,,,,,,,,,
,,Marshall,0,,,,,,,,,,
,,Mason,2,,,,,,,,,,
,,Meridian Township,1,,,,,,,,,,
,,Milan,1,,,,,,,,,,
,,Milford,0,,,,,,,,,,
,,Monroe,5,,,,,,,,,,
,,Muskegon,3,,,,,,,,,,
,,Muskegon Township,1,,,,,,,,,,
,,Negaunee,1,,,,,,,,,,
,,Northfield Township,1,,,,,,,,,,
,,Northville Township,1,,,,,,,,,,
,,Oscoda Township,2,,,,,,,,,,
,,Owosso,3,,,,,,,,,,
,,Oxford Township,2,,,,,,,,,,
,,Pittsfield Township,0,,,,,,,,,,
,,Pleasant Ridge,0,,,,,,,,,,
,,Port Huron,6,,,,,,,,,,
,,Redford Township,1,,,,,,,,,,
,,Rochester,2,,,,,,,,,,
,,Rochester Hills,2,,,,,,,,,,
,,Romulus,1,,,,,,,,,,
,,Roseville,8,,,,,,,,,,
,,Royal Oak,2,,,,,,,,,,
,,Saginaw,1,,,,,,,,,,
,,Saline,0,,,,,,,,,,
,,Shelby Township,3,,,,,,,,,,
,,Southfield,5,,,,,,,,,,
,,St. Clair Shores,2,,,,,,,,,,
,,St. Joseph,2,,,,,,,,,,
,,Swartz Creek,1,,,,,,,,,,
,,Taylor,0,,,,,,,,,,
,,Traverse City,1,,,,,,,,,,
,,Trenton,2,,,,,,,,,,
,,Troy,3,,,,,,,,,,
,,Van Buren Township,1,,,,,,,,,,
,,Vassar,0,,,,,,,,,,
,,Warren3,13,,,,,,,,,,
,,Wayne,1,,,,,,,,,,
,,West Bloomfield Township,2,,,,,,,,,,
,,Westland,0,,,,,,,,,,
,,Wixom,1,,,,,,,,,,
,,Yale,1,,,,,,,,,,
,,Ypsilanti,2,,,,,,,,,,
,Universities and Colleges,,3,,,,,,,,,,
,,Eastern Michigan University,0,,,,,,,,,,
,,Ferris State University,1,,,,,,,,,,
,,Michigan State University,1,,,,,,,,,,
,,"University of Michigan, Ann Arbor",1,,,,,,,,,,
,Metropolitan Counties,,19,,,,,,,,,,
,,Calhoun,1,,,,,,,,,,
,,Eaton,2,,,,,,,,,,
,,Genesee,0,,,,,,,,,,
,,Kalamazoo,1,,,,,,,,,,
,,Kent,1,,,,,,,,,,
,,Lapeer,1,,,,,,,,,,
,,Livingston,1,,,,,,,,,,
,,Macomb,2,,,,,,,,,,
,,Midland,1,,,,,,,,,,
,,Monroe,1,,,,,,,,,,
,,Montcalm,0,,,,,,,,,,
,,Oakland,1,,,,,,,,,,
,,Ottawa,2,,,,,,,,,,
,,Van Buren,1,,,,,,,,,,
,,Washtenaw,4,,,,,,,,,,
,Nonmetropolitan Counties,,7,,,,,,,,,,
,,Allegan,1,,,,,,,,,,
,,Cheboygan,1,,,,,,,,,,
,,Emmet,0,,,,,,,,,,
,,Grand Traverse,2,,,,,,,,,,
,,Ionia,1,,,,,,,,,,
,,Missaukee,1,,,,,,,,,,
,,Oceana,1,,,,,,,,,,
Minnesota,Total,,58,,,,,,,,,,
,Cities,,58,,,,,,,,,,
,,Blaine,1,,,,,,,,,,
,,Brooklyn Park,5,,,,,,,,,,
,,Coon Rapids,2,,,,,,,,,,
,,Duluth,2,,,,,,,,,,
,,Eagan,1,,,,,,,,,,
,,Eden Prairie,1,,,,,,,,,,
,,Hopkins,2,,,,,,,,,,
,,Inver Grove Heights,1,,,,,,,,,,
,,Mankato,10,,,,,,,,,,
,,Maple Grove,1,,,,,,,,,,
,,Maplewood,4,,,,,,,,,,
,,Minneapolis,6,,,,,,,,,,
,,Minnetonka,0,,,,,,,,,,
,,Moorhead,0,,,,,,,,,,
,,New Hope,1,,,,,,,,,,
,,Plymouth,1,,,,,,,,,,
,,Rochester,1,,,,,,,,,,
,,Roseville,2,,,,,,,,,,
,,Sartell,0,,,,,,,,,,
,,Spring Lake Park,2,,,,,,,,,,
,,St. Cloud,1,,,,,,,,,,
,,St. Louis Park,1,,,,,,,,,,
,,St. Paul,10,,,,,,,,,,
,,Wadena,2,,,,,,,,,,
,,Worthington,1,,,,,,,,,,
,Metropolitan Counties,,0,,,,,,,,,,
,,Nicollet,0,,,,,,,,,,
,,Wright,0,,,,,,,,,,
Missouri,Total,,70,,,,,,,,,,
,Cities,,56,,,,,,,,,,
,,Columbia,3,,,,,,,,,,
,,Fredericktown,0,,,,,,,,,,
,,Gladstone,0,,,,,,,,,,
,,Independence,3,,,,,,,,,,
,,Joplin,1,,,,,,,,,,
,,Kansas City,28,,,,,,,,,,
,,Kirksville,1,,,,,,,,,,
,,Lee's Summit,2,,,,,,,,,,
,,Maryville,1,,,,,,,,,,
,,Overland,1,,,,,,,,,,
,,Pagedale,1,,,,,,,,,,
,,Rolla,2,,,,,,,,,,
,,Springfield,2,,,,,,,,,,
,,St. Joseph,1,,,,,,,,,,
,,St. Louis,7,,,,,,,,,,
,,St. Peters,0,,,,,,,,,,
,,University City,2,,,,,,,,,,
,,Warrenton,1,,,,,,,,,,
,Universities and Colleges,,4,,,,,,,,,,
,,Northwest Missouri State University,1,,,,,,,,,,
,,"St. Louis Community College, Meramec",1,,,,,,,,,,
,,"University of Missouri, Columbia",2,,,,,,,,,,
,Metropolitan Counties,,5,,,,,,,,,,
,,St. Louis County Police Department,5,,,,,,,,,,
,Nonmetropolitan Counties,,4,,,,,,,,,,
,,Laclede,1,,,,,,,,,,
,,Nodaway,1,,,,,,,,,,
,,Schuyler,0,,,,,,,,,,
,,Taney,1,,,,,,,,,,
,,Worth,1,,,,,,,,,,
Montana,Total,,28,,,,,,,,,,
,Cities,,7,,,,,,,,,,
,,Billings,3,,,,,,,,,,
,,Helena,0,,,,,,,,,,
,,Kalispell,1,,,,,,,,,,
,,Red Lodge,0,,,,,,,,,,
,,Ronan City,1,,,,,,,,,,
,,Sidney,1,,,,,,,,,,
,,Stevensville,1,,,,,,,,,,
,Metropolitan Counties,,17,,,,,,,,,,
,,Yellowstone,17,,,,,,,,,,
,Nonmetropolitan Counties,,4,,,,,,,,,,
,,Flathead,0,,,,,,,,,,
,,Lewis and Clark,3,,,,,,,,,,
,,McCone,0,,,,,,,,,,
,,Rosebud,1,,,,,,,,,,
,,Stillwater,0,,,,,,,,,,
Nebraska,Total,,10,,,,,,,,,,
,Cities,,9,,,,,,,,,,
,,Lincoln,9,,,,,,,,,,
,,Omaha,0,,,,,,,,,,
,Universities and Colleges,,1,,,,,,,,,,
,,"University of Nebraska, Lincoln",1,,,,,,,,,,
Nevada,Total,,36,,,,,,,,,,
,Cities,,34,,,,,,,,,,
,,Henderson,7,,,,,,,,,,
,,Las Vegas Metropolitan Police Department3,22,,,,,,,,,,
,,North Las Vegas,4,,,,,,,,,,
,,Reno,1,,,,,,,,,,
,Universities and Colleges,,2,,,,,,,,,,
,,Truckee Meadows Community College,1,,,,,,,,,,
,,"University of Nevada, Las Vegas",1,,,,,,,,,,
New Hampshire,Total,,8,,,,,,,,,,
,Cities,,8,,,,,,,,,,
,,Antrim,1,,,,,,,,,,
,,Barrington,1,,,,,,,,,,
,,Concord,3,,,,,,,,,,
,,Dublin,1,,,,,,,,,,
,,Epping,0,,,,,,,,,,
,,Exeter,1,,,,,,,,,,
,,Hampton,1,,,,,,,,,,
,,Hampton Falls,0,,,,,,,,,,
,,Manchester,0,,,,,,,,,,
New Jersey,Total,,169,,,,,,,,,,
,Cities,,167,,,,,,,,,,
,,Aberdeen Township,6,,,,,,,,,,
,,Bayonne,0,,,,,,,,,,
,,Belleville,2,,,,,,,,,,
,,Bloomingdale,1,,,,,,,,,,
,,Boonton,1,,,,,,,,,,
,,Bordentown Township,3,,,,,,,,,,
,,Bound Brook,1,,,,,,,,,,
,,Bridgewater Township,0,,,,,,,,,,
,,Butler,0,,,,,,,,,,
,,Chatham,1,,,,,,,,,,
,,Chatham Township,1,,,,,,,,,,
,,Clifton,1,,,,,,,,,,
,,Collingswood,1,,,,,,,,,,
,,Colts Neck Township,0,,,,,,,,,,
,,Delran Township,4,,,,,,,,,,
,,Eastampton Township,0,,,,,,,,,,
,,East Brunswick Township,5,,,,,,,,,,
,,East Hanover Township,1,,,,,,,,,,
,,East Windsor Township,2,,,,,,,,,,
,,Edison Township,1,,,,,,,,,,
,,Egg Harbor Township,1,,,,,,,,,,
,,Englewood,1,,,,,,,,,,
,,Evesham Township,5,,,,,,,,,,
,,Ewing Township,0,,,,,,,,,,
,,"Fairfield Township, Essex County",0,,,,,,,,,,
,,Florham Park,0,,,,,,,,,,
,,"Franklin Township, Somerset County",2,,,,,,,,,,
,,Freehold,1,,,,,,,,,,
,,Freehold Township,1,,,,,,,,,,
,,Galloway Township,1,,,,,,,,,,
,,Garwood,0,,,,,,,,,,
,,Gibbsboro,1,,,,,,,,,,
,,Glassboro,2,,,,,,,,,,
,,Glen Rock,0,,,,,,,,,,
,,Gloucester City,1,,,,,,,,,,
,,Green Brook Township,1,,,,,,,,,,
,,Guttenberg,1,,,,,,,,,,
,,Hackettstown,1,,,,,,,,,,
,,"Hamilton Township, Atlantic County",1,,,,,,,,,,
,,"Hamilton Township, Mercer County",2,,,,,,,,,,
,,Hanover Township,0,,,,,,,,,,
,,Harrison Township,1,,,,,,,,,,
,,Hawthorne,2,,,,,,,,,,
,,High Bridge,0,,,,,,,,,,
,,Highland Park,1,,,,,,,,,,
,,Hightstown,1,,,,,,,,,,
,,Hillsborough Township,1,,,,,,,,,,
,,Hoboken,3,,,,,,,,,,
,,Ho-Ho-Kus,0,,,,,,,,,,
,,Hopewell Township,1,,,,,,,,,,
,,Howell Township,5,,,,,,,,,,
,,Jackson Township,0,,,,,,,,,,
,,Jersey City,0,,,,,,,,,,
,,Keansburg,2,,,,,,,,,,
,,Lacey Township,2,,,,,,,,,,
,,Lakewood Township,8,,,,,,,,,,
,,Little Falls Township,1,,,,,,,,,,
,,Livingston Township,0,,,,,,,,,,
,,Lodi,1,,,,,,,,,,
,,Lower Township,1,,,,,,,,,,
,,Madison,3,,,,,,,,,,
,,Manalapan Township,1,,,,,,,,,,
,,Manasquan,0,,,,,,,,,,
,,Manchester Township,1,,,,,,,,,,
,,Medford Lakes,0,,,,,,,,,,
,,Medford Township,1,,,,,,,,,,
,,Middlesex,1,,,,,,,,,,
,,Middle Township,0,,,,,,,,,,
,,Midland Park,0,,,,,,,,,,
,,Millburn Township,0,,,,,,,,,,
,,"Monroe Township, Gloucester County",2,,,,,,,,,,
,,"Monroe Township, Middlesex County",7,,,,,,,,,,
,,Montclair,2,,,,,,,,,,
,,Montville Township,0,,,,,,,,,,
,,Morris Township,0,,,,,,,,,,
,,Mount Laurel Township,2,,,,,,,,,,
,,Neptune Township,8,,,,,,,,,,
,,New Brunswick,4,,,,,,,,,,
,,New Milford,0,,,,,,,,,,
,,North Bergen Township,1,,,,,,,,,,
,,North Brunswick Township,1,,,,,,,,,,
,,Northfield,1,,,,,,,,,,
,,North Haledon,1,,,,,,,,,,
,,Norwood,2,,,,,,,,,,
,,Palmyra,1,,,,,,,,,,
,,Paramus,1,,,,,,,,,,
,,Park Ridge,0,,,,,,,,,,
,,Parsippany-Troy Hills Township,0,,,,,,,,,,
,,Passaic,0,,,,,,,,,,
,,Piscataway Township,5,,,,,,,,,,
,,Princeton,0,,,,,,,,,,
,,Randolph Township,5,,,,,,,,,,
,,Ridgefield Park,0,,,,,,,,,,
,,Ridgewood,0,,,,,,,,,,
,,River Edge,0,,,,,,,,,,
,,Roselle,1,,,,,,,,,,
,,Saddle Brook Township,2,,,,,,,,,,
,,Scotch Plains Township,0,,,,,,,,,,
,,Sea Girt,0,,,,,,,,,,
,,Secaucus,1,,,,,,,,,,
,,Somerville,0,,,,,,,,,,
,,South Amboy,1,,,,,,,,,,
,,South Brunswick Township,9,,,,,,,,,,
,,South Plainfield,1,,,,,,,,,,
,,South River,1,,,,,,,,,,
,,Springfield,0,,,,,,,,,,
,,Stone Harbor,1,,,,,,,,,,
,,Union City,1,,,,,,,,,,
,,Verona,0,,,,,,,,,,
,,Voorhees Township,1,,,,,,,,,,
,,Wallington,0,,,,,,,,,,
,,"Washington Township, Gloucester County",1,,,,,,,,,,
,,Wayne Township,2,,,,,,,,,,
,,West Deptford Township,2,,,,,,,,,,
,,West Long Branch,0,,,,,,,,,,
,,West Milford Township,2,,,,,,,,,,
,,West Windsor Township,0,,,,,,,,,,
,,Winfield Township,1,,,,,,,,,,
,,Woodbridge Township,2,,,,,,,,,,
,,Woodbury,5,,,,,,,,,,
,,Woodstown,0,,,,,,,,,,
,Metropolitan Counties,,1,,,,,,,,,,
,,Camden County Police Department,1,,,,,,,,,,
New Mexico,Total,,8,,,,,,,,,,
,Cities,,8,,,,,,,,,,
,,Albuquerque,7,,,,,,,,,,
,,Los Lunas,1,,,,,,,,,,
New York,Total,,136,,,,,,,,,,
,Cities,,99,,,,,,,,,,
,,Albany,3,,,,,,,,,,
,,Amherst Town,2,,,,,,,,,,
,,Auburn,0,,,,,,,,,,
,,Buffalo,3,,,,,,,,,,
,,Cairo Town,1,,,,,,,,,,
,,Cheektowaga Town,1,,,,,,,,,,
,,Clarkstown Town,0,,,,,,,,,,
,,Cooperstown Village,1,,,,,,,,,,
,,Crawford Town,0,,,,,,,,,,
,,Freeport Village,0,,,,,,,,,,
,,Greenburgh Town,0,,,,,,,,,,
,,Hamburg Town,1,,,,,,,,,,
,,Hastings-on-Hudson Village,0,,,,,,,,,,
,,Ithaca,0,,,,,,,,,,
,,Jamestown,1,,,,,,,,,,
,,Lancaster Town,0,,,,,,,,,,
,,Middletown,0,,,,,,,,,,
,,Monroe Village,0,,,,,,,,,,
,,Mount Vernon,1,,,,,,,,,,
,,New Rochelle,1,,,,,,,,,,
,,New York,71,,,,,,,,,,
,,North Greenbush Town,0,,,,,,,,,,
,,Ogdensburg,0,,,,,,,,,,
,,Oswego City,1,,,,,,,,,,
,,Port Washington,0,,,,,,,,,,
,,Poughkeepsie,3,,,,,,,,,,
,,Rochester,0,,,,,,,,,,
,,Saratoga Springs,1,,,,,,,,,,
,,Schenectady,0,,,,,,,,,,
,,Scotia Village,1,,,,,,,,,,
,,Solvay Village,1,,,,,,,,,,
,,Spring Valley Village,1,,,,,,,,,,
,,Troy,1,,,,,,,,,,
,,Tupper Lake Village,1,,,,,,,,,,
,,Webster Town and Village,1,,,,,,,,,,
,,Yonkers,2,,,,,,,,,,
,Universities and Colleges,,4,,,,,,,,,,
,,"State University of New York, Binghamton",1,,,,,,,,,,
,,"State University of New York Agricultural and Technical College, Morrisville",1,,,,,,,,,,
,,State University of New York College:,,,,,,,,,,,
,,New Paltz,0,,,,,,,,,,
,,Oneonta,0,,,,,,,,,,
,,Potsdam,1,,,,,,,,,,
,,Purchase,1,,,,,,,,,,
,Metropolitan Counties,,21,,,,,,,,,,
,,Dutchess,0,,,,,,,,,,
,,Nassau,8,,,,,,,,,,
,,Niagara,0,,,,,,,,,,
,,Orleans,0,,,,,,,,,,
,,Suffolk County Police Department,13,,,,,,,,,,
,Nonmetropolitan Counties,,0,,,,,,,,,,
,,Cattaraugus,0,,,,,,,,,,
North Carolina,Total,,106,,,,,,,,,,
,Cities,,82,,,,,,,,,,
,,Apex,2,,,,,,,,,,
,,Asheville,3,,,,,,,,,,
,,Boone,0,,,,,,,,,,
,,Brevard,1,,,,,,,,,,
,,Carrboro,1,,,,,,,,,,
,,Charlotte-Mecklenburg,16,,,,,,,,,,
,,Dunn,0,,,,,,,,,,
,,Durham,4,,,,,,,,,,
,,Erwin,1,,,,,,,,,,
,,Fayetteville,3,,,,,,,,,,
,,Gastonia,6,,,,,,,,,,
,,Granite Falls,1,,,,,,,,,,
,,Greensboro3,4,,,,,,,,,,
,,Greenville,2,,,,,,,,,,
,,Hickory,2,,,,,,,,,,
,,High Point,1,,,,,,,,,,
,,Hillsborough,1,,,,,,,,,,
,,Hope Mills,1,,,,,,,,,,
,,Jacksonville,1,,,,,,,,,,
,,Mars Hill,1,,,,,,,,,,
,,Mayodan,1,,,,,,,,,,
,,Mint Hill,0,,,,,,,,,,
,,Mocksville,1,,,,,,,,,,
,,Newton,1,,,,,,,,,,
,,Oxford,1,,,,,,,,,,
,,Raleigh,12,,,,,,,,,,
,,Reidsville,2,,,,,,,,,,
,,Rocky Mount,0,,,,,,,,,,
,,Roxboro,1,,,,,,,,,,
,,Salisbury,3,,,,,,,,,,
,,Siler City,2,,,,,,,,,,
,,Smithfield,2,,,,,,,,,,
,,Wilmington,3,,,,,,,,,,
,,Wilson,2,,,,,,,,,,
,Universities and Colleges,,6,,,,,,,,,,
,,Duke University,1,,,,,,,,,,
,,East Carolina University,1,,,,,,,,,,
,,Elizabeth City State University,1,,,,,,,,,,
,,North Carolina School of the Arts,2,,,,,,,,,,
,,University of North Carolina:,,,,,,,,,,,
,,Greensboro,1,,,,,,,,,,
,,Pembroke,0,,,,,,,,,,
,Metropolitan Counties,,15,,,,,,,,,,
,,Cabarrus,0,,,,,,,,,,
,,Caldwell,0,,,,,,,,,,
,,Currituck,1,,,,,,,,,,
,,Forsyth,5,,,,,,,,,,
,,Franklin,4,,,,,,,,,,
,,Gaston County Police Department,1,,,,,,,,,,
,,Guilford,0,,,,,,,,,,
,,New Hanover,1,,,,,,,,,,
,,Pitt,3,,,,,,,,,,
,Nonmetropolitan Counties,,3,,,,,,,,,,
,,Bladen,1,,,,,,,,,,
,,Cleveland,1,,,,,,,,,,
,,Rutherford,1,,,,,,,,,,
North Dakota,Total,,29,,,,,,,,,,
,Cities,,23,,,,,,,,,,
,,Belfield,1,,,,,,,,,,
,,Bismarck,8,,,,,,,,,,
,,Devils lake,1,,,,,,,,,,
,,Dickinson,0,,,,,,,,,,
,,Fargo,8,,,,,,,,,,
,,Grand Forks,1,,,,,,,,,,
,,Mandan,1,,,,,,,,,,
,,Minot,1,,,,,,,,,,
,,Rugby,1,,,,,,,,,,
,,Wahpeton,1,,,,,,,,,,
,,Watford City,0,,,,,,,,,,
,,Williston,0,,,,,,,,,,
,Universities and Colleges,,0,,,,,,,,,,
,,University of North Dakota,0,,,,,,,,,,
,Metropolitan Counties,,0,,,,,,,,,,
,,Morton,0,,,,,,,,,,
,Nonmetropolitan Counties,,6,,,,,,,,,,
,,Barnes,1,,,,,,,,,,
,,McKenzie,2,,,,,,,,,,
,,McLean,1,,,,,,,,,,
,,Ramsey,1,,,,,,,,,,
,,Richland,1,,,,,,,,,,
Ohio,Total,,309,,,,,,,,,,
,Cities,,276,,,,,,,,,,
,,Akron,4,,,,,,,,,,
,,Athens,0,,,,,,,,,,
,,Barberton,5,,,,,,,,,,
,,Bellefontaine,2,,,,,,,,,,
,,Blue Ash,2,,,,,,,,,,
,,Boardman,4,,,,,,,,,,
,,Bowling Green,1,,,,,,,,,,
,,Butler Township,2,,,,,,,,,,
,,Celina,1,,,,,,,,,,
,,Cheviot,1,,,,,,,,,,
,,Cincinnati,23,,,,,,,,,,
,,Cleveland,6,,,,,,,,,,
,,Coldwater,1,,,,,,,,,,
,,Columbus,114,,,,,,,,,,
,,Columbus Grove,1,,,,,,,,,,
,,Conneaut,0,,,,,,,,,,
,,Cortland,1,,,,,,,,,,
,,Dayton,4,,,,,,,,,,
,,Defiance,1,,,,,,,,,,
,,Elmwood Place,7,,,,,,,,,,
,,Fairborn,1,,,,,,,,,,
,,Forest Park,1,,,,,,,,,,
,,Fostoria,1,,,,,,,,,,
,,Gahanna,1,,,,,,,,,,
,,Garfield Heights,1,,,,,,,,,,
,,Glouster,1,,,,,,,,,,
,,Greenhills,2,,,,,,,,,,
,,Grove City,3,,,,,,,,,,
,,Hamilton,6,,,,,,,,,,
,,Haskins,1,,,,,,,,,,
,,Heath,4,,,,,,,,,,
,,Holland,2,,,,,,,,,,
,,Howland Township,1,,,,,,,,,,
,,Huber Heights,2,,,,,,,,,,
,,Independence,1,,,,,,,,,,
,,"Jackson Township, Stark County",2,,,,,,,,,,
,,Lakewood,9,,,,,,,,,,
,,Lancaster,0,,,,,,,,,,
,,Lorain,1,,,,,,,,,,
,,Lyndhurst,0,,,,,,,,,,
,,"Madison Township, Franklin County",2,,,,,,,,,,
,,Mansfield,3,,,,,,,,,,
,,Massillon,1,,,,,,,,,,
,,Maumee,0,,,,,,,,,,
,,Medina Township,0,,,,,,,,,,
,,Mentor,1,,,,,,,,,,
,,Miamisburg,0,,,,,,,,,,
,,"Miami Township, Montgomery County",1,,,,,,,,,,
,,Monroe,4,,,,,,,,,,
,,Montpelier,2,,,,,,,,,,
,,Montville Township,0,,,,,,,,,,
,,Moraine,2,,,,,,,,,,
,,Mount Healthy,1,,,,,,,,,,
,,Mount Vernon,1,,,,,,,,,,
,,Newton Falls,0,,,,,,,,,,
,,Niles,4,,,,,,,,,,
,,North Canton,1,,,,,,,,,,
,,Norton,2,,,,,,,,,,
,,Parma,1,,,,,,,,,,
,,Portsmouth,0,,,,,,,,,,
,,Sidney,0,,,,,,,,,,
,,"Springfield Township, Hamilton County",1,,,,,,,,,,
,,Streetsboro,0,,,,,,,,,,
,,Sugarcreek Township,1,,,,,,,,,,
,,Sunbury,1,,,,,,,,,,
,,Toledo3,13,,,,,,,,,,
,,Upper Arlington,1,,,,,,,,,,
,,Urbana,2,,,,,,,,,,
,,Vandalia,1,,,,,,,,,,
,,Van Wert,0,,,,,,,,,,
,,Vienna Township,0,,,,,,,,,,
,,Wadsworth,1,,,,,,,,,,
,,Washington Court House,0,,,,,,,,,,
,,Weathersfield,1,,,,,,,,,,
,,Wellston,1,,,,,,,,,,
,,West Carrollton,1,,,,,,,,,,
,,West Chester Township,1,,,,,,,,,,
,,Wilmington,2,,,,,,,,,,
,,Wooster,1,,,,,,,,,,
,,Worthington,1,,,,,,,,,,
,,Youngstown,1,,,,,,,,,,
,,Zanesville,0,,,,,,,,,,
,Universities and Colleges,,5,,,,,,,,,,
,,Bowling Green State University,1,,,,,,,,,,
,,Capital University,1,,,,,,,,,,
,,Lakeland Community College,1,,,,,,,,,,
,,Miami University,1,,,,,,,,,,
,,"Ohio State University, Columbus",1,,,,,,,,,,
,Metropolitan Counties,,16,,,,,,,,,,
,,Butler,3,,,,,,,,,,
,,Fairfield,1,,,,,,,,,,
,,Greene,6,,,,,,,,,,
,,Lawrence,0,,,,,,,,,,
,,Lorain,1,,,,,,,,,,
,,Lucas,1,,,,,,,,,,
,,Montgomery,1,,,,,,,,,,
,,Stark,2,,,,,,,,,,
,,Warren,1,,,,,,,,,,
,Nonmetropolitan Counties,,8,,,,,,,,,,
,,Ashland,1,,,,,,,,,,
,,Ashtabula,1,,,,,,,,,,
,,Athens,1,,,,,,,,,,
,,Gallia,0,,,,,,,,,,
,,Marion,0,,,,,,,,,,
,,Preble,1,,,,,,,,,,
,,Ross,1,,,,,,,,,,
,,Scioto,1,,,,,,,,,,
,,Shelby,1,,,,,,,,,,
,,Washington,1,,,,,,,,,,
Oklahoma,Total,,27,,,,,,,,,,
,Cities,,19,,,,,,,,,,
,,Apache,1,,,,,,,,,,
,,Broken Bow,1,,,,,,,,,,
,,Catoosa,1,,,,,,,,,,
,,Chickasha,2,,,,,,,,,,
,,Choctaw,0,,,,,,,,,,
,,Edmond,0,,,,,,,,,,
,,Elk City,1,,,,,,,,,,
,,Enid,2,,,,,,,,,,
,,Guymon,0,,,,,,,,,,
,,Jenks,0,,,,,,,,,,
,,Lawton,1,,,,,,,,,,
,,McAlester,0,,,,,,,,,,
,,Muskogee,3,,,,,,,,,,
,,Norman,1,,,,,,,,,,
,,Oklahoma City,1,,,,,,,,,,
,,Purcell,1,,,,,,,,,,
,,Sallisaw,1,,,,,,,,,,
,,Sayre,1,,,,,,,,,,
,,Stigler,0,,,,,,,,,,
,,Stilwell,1,,,,,,,,,,
,,Woodward,1,,,,,,,,,,
,Metropolitan Counties,,3,,,,,,,,,,
,,Lincoln,1,,,,,,,,,,
,,Tulsa,1,,,,,,,,,,
,,Wagoner,1,,,,,,,,,,
,Nonmetropolitan Counties,,5,,,,,,,,,,
,,Carter,1,,,,,,,,,,
,,Craig,1,,,,,,,,,,
,,Hughes,1,,,,,,,,,,
,,Kiowa,1,,,,,,,,,,
,,Payne,1,,,,,,,,,,
Oregon,Total,,41,,,,,,,,,,
,Cities,,34,,,,,,,,,,
,,Ashland,0,,,,,,,,,,
,,Corvallis,2,,,,,,,,,,
,,Eugene3,25,,,,,,,,,,
,,Hood River,1,,,,,,,,,,
,,La Grande,0,,,,,,,,,,
,,Salem,4,,,,,,,,,,
,,Springfield,1,,,,,,,,,,
,,Sutherlin,1,,,,,,,,,,
,Metropolitan Counties,,1,,,,,,,,,,
,,Deschutes,1,,,,,,,,,,
,,Jackson,0,,,,,,,,,,
,Nonmetropolitan Counties,,2,,,,,,,,,,
,,Hood River,1,,,,,,,,,,
,,Lincoln,0,,,,,,,,,,
,,Umatilla,1,,,,,,,,,,
Pennsylvania,Total,,40,,,,,,,,,,
,Cities,,27,,,,,,,,,,
,,Brighton Township,1,,,,,,,,,,
,,Columbia,1,,,,,,,,,,
,,Economy,1,,,,,,,,,,
,,Lancaster,1,,,,,,,,,,
,,New Cumberland,1,,,,,,,,,,
,,New Garden Township,0,,,,,,,,,,
,,Philadelphia,6,,,,,,,,,,
,,Pittsburgh,11,,,,,,,,,,
,,Reading,1,,,,,,,,,,
,,Scranton,1,,,,,,,,,,
,,State College,2,,,,,,,,,,
,,Throop,1,,,,,,,,,,
,,"Washington Township, Franklin County",0,,,,,,,,,,
,Universities and Colleges,,4,,,,,,,,,,
,,Elizabethtown College,1,,,,,,,,,,
,,Lehigh University,0,,,,,,,,,,
,,"Pennsylvania State University, University Park",2,,,,,,,,,,
,,University of Pittsburgh:,,,,,,,,,,,
,,Johnstown,0,,,,,,,,,,
,,Pittsburgh,1,,,,,,,,,,
,State Police Agencies,,7,,,,,,,,,,
,,State Police: ,,,,,,,,,,,
,,Elizabethville,2,,,,,,,,,,
,,Fulton County,1,,,,,,,,,,
,,Juniata County,1,,,,,,,,,,
,,Monroe County,1,,,,,,,,,,
,,Skippack County,1,,,,,,,,,,
,,Washington County,1,,,,,,,,,,
Rhode Island,Total,,6,,,,,,,,,,
,Cities,,5,,,,,,,,,,
,,East Providence,0,,,,,,,,,,
,,Newport,0,,,,,,,,,,
,,Pawtucket,0,,,,,,,,,,
,,Providence,4,,,,,,,,,,
,,Richmond,1,,,,,,,,,,
,,West Warwick,0,,,,,,,,,,
,,Woonsocket,0,,,,,,,,,,
,Universities and Colleges,,1,,,,,,,,,,
,,University of Rhode Island,1,,,,,,,,,,
South Carolina,Total,,44,,,,,,,,,,
,Cities,,27,,,,,,,,,,
,,Belton,2,,,,,,,,,,
,,Blacksburg,1,,,,,,,,,,
,,Cayce,2,,,,,,,,,,
,,Charleston,3,,,,,,,,,,
,,Cheraw,1,,,,,,,,,,
,,Chester,1,,,,,,,,,,
,,Columbia,1,,,,,,,,,,
,,Darlington,0,,,,,,,,,,
,,Easley,1,,,,,,,,,,
,,Elgin,2,,,,,,,,,,
,,Georgetown,0,,,,,,,,,,
,,Greenville,1,,,,,,,,,,
,,Hemingway,1,,,,,,,,,,
,,Honea Path,2,,,,,,,,,,
,,Mauldin,1,,,,,,,,,,
,,Mount Pleasant,1,,,,,,,,,,
,,Myrtle Beach,1,,,,,,,,,,
,,North Charleston,0,,,,,,,,,,
,,North Myrtle Beach,1,,,,,,,,,,
,,Orangeburg,1,,,,,,,,,,
,,Saluda,0,,,,,,,,,,
,,Santee,1,,,,,,,,,,
,,Summerville,2,,,,,,,,,,
,,Surfside Beach,1,,,,,,,,,,
,Universities and Colleges,,2,,,,,,,,,,
,,Trident Technical College,0,,,,,,,,,,
,,University of South Carolina:,,,,,,,,,,,
,,Columbia,1,,,,,,,,,,
,,Upstate,1,,,,,,,,,,
,Metropolitan Counties,,10,,,,,,,,,,
,,Berkeley,1,,,,,,,,,,
,,Charleston,1,,,,,,,,,,
,,Greenville,1,,,,,,,,,,
,,Horry County Police Department,4,,,,,,,,,,
,,Lexington,1,,,,,,,,,,
,,Richland,0,,,,,,,,,,
,,Sumter,1,,,,,,,,,,
,,Union,1,,,,,,,,,,
,Nonmetropolitan Counties,,4,,,,,,,,,,
,,Cherokee,0,,,,,,,,,,
,,Colleton,1,,,,,,,,,,
,,Georgetown,2,,,,,,,,,,
,,Hampton,1,,,,,,,,,,
South Dakota,Total,,9,,,,,,,,,,
,Cities,,8,,,,,,,,,,
,,Aberdeen,1,,,,,,,,,,
,,Beresford,2,,,,,,,,,,
,,Brookings,2,,,,,,,,,,
,,Gettysburg,1,,,,,,,,,,
,,Rapid City,0,,,,,,,,,,
,,Spearfish,1,,,,,,,,,,
,,Sturgis,0,,,,,,,,,,
,,Vermillion,1,,,,,,,,,,
,Nonmetropolitan Counties,,1,,,,,,,,,,
,,Brown,1,,,,,,,,,,
Tennessee,Total,,157,,,,,,,,,,
,Cities,,83,,,,,,,,,,
,,Atoka,8,,,,,,,,,,
,,Chapel Hill,0,,,,,,,,,,
,,Chattanooga,10,,,,,,,,,,
,,Clarksville,10,,,,,,,,,,
,,Cleveland,4,,,,,,,,,,
,,Cookeville,0,,,,,,,,,,
,,Cowan,0,,,,,,,,,,
,,Crossville,1,,,,,,,,,,
,,Dover,1,,,,,,,,,,
,,Dunlap,1,,,,,,,,,,
,,Dyersburg,2,,,,,,,,,,
,,Elizabethton,4,,,,,,,,,,
,,Fairview,2,,,,,,,,,,
,,Germantown,0,,,,,,,,,,
,,Greeneville,5,,,,,,,,,,
,,Harriman,0,,,,,,,,,,
,,Huntland,1,,,,,,,,,,
,,Johnson City,1,,,,,,,,,,
,,Jonesborough,1,,,,,,,,,,
,,Kingsport,1,,,,,,,,,,
,,Knoxville,2,,,,,,,,,,
,,Lafayette,2,,,,,,,,,,
,,Lawrenceburg,0,,,,,,,,,,
,,Lebanon,1,,,,,,,,,,
,,Manchester,0,,,,,,,,,,
,,Mason,1,,,,,,,,,,
,,McMinnville,2,,,,,,,,,,
,,Memphis,7,,,,,,,,,,
,,Millington,3,,,,,,,,,,
,,Moscow,1,,,,,,,,,,
,,Munford,2,,,,,,,,,,
,,Nashville Metropolitan,7,,,,,,,,,,
,,Niota,0,,,,,,,,,,
,,Portland,0,,,,,,,,,,
,,Rockwood,1,,,,,,,,,,
,,Savannah,1,,,,,,,,,,
,,Smithville,0,,,,,,,,,,
,,Winchester,1,,,,,,,,,,
,Universities and Colleges,,3,,,,,,,,,,
,,East Tennessee State University,1,,,,,,,,,,
,,Tennessee Technological University,0,,,,,,,,,,
,,"University of Tennessee, Chattanooga",1,,,,,,,,,,
,,Vanderbilt University,1,,,,,,,,,,
,Metropolitan Counties,,59,,,,,,,,,,
,,Blount,1,,,,,,,,,,
,,Bradley,0,,,,,,,,,,
,,Cheatham,1,,,,,,,,,,
,,Hamilton,3,,,,,,,,,,
,,Hickman,1,,,,,,,,,,
,,Jefferson,1,,,,,,,,,,
,,Knox,1,,,,,,,,,,
,,Roane,0,,,,,,,,,,
,,Robertson,1,,,,,,,,,,
,,Rutherford,1,,,,,,,,,,
,,Shelby,28,,,,,,,,,,
,,Sullivan,1,,,,,,,,,,
,,Tipton,2,,,,,,,,,,
,,Washington,18,,,,,,,,,,
,,Williamson,0,,,,,,,,,,
,Nonmetropolitan Counties,,3,,,,,,,,,,
,,Bedford,1,,,,,,,,,,
,,Gibson,1,,,,,,,,,,
,,Lawrence,1,,,,,,,,,,
Texas,Total,,107,,,,,,,,,,
,Cities,,86,,,,,,,,,,
,,Austin,5,,,,,,,,,,
,,Baytown,0,,,,,,,,,,
,,Beaumont,7,,,,,,,,,,
,,Bedford,6,,,,,,,,,,
,,Burkburnett,0,,,,,,,,,,
,,Carrollton,1,,,,,,,,,,
,,Cedar Park,4,,,,,,,,,,
,,Center,4,,,,,,,,,,
,,Cisco,1,,,,,,,,,,
,,Commerce,1,,,,,,,,,,
,,Corpus Christi,0,,,,,,,,,,
,,Dalhart,0,,,,,,,,,,
,,Dallas,4,,,,,,,,,,
,,Denton,1,,,,,,,,,,
,,Dublin,1,,,,,,,,,,
,,El Paso,0,,,,,,,,,,
,,Fairfield,1,,,,,,,,,,
,,Fort Worth,11,,,,,,,,,,
,,Frisco,0,,,,,,,,,,
,,Galveston,1,,,,,,,,,,
,,Gilmer,1,,,,,,,,,,
,,Grand Prairie,0,,,,,,,,,,
,,Houston,12,,,,,,,,,,
,,Hurst,1,,,,,,,,,,
,,La Grange,1,,,,,,,,,,
,,La Porte,1,,,,,,,,,,
,,Lewisville,0,,,,,,,,,,
,,Longview,2,,,,,,,,,,
,,Madisonville,1,,,,,,,,,,
,,McKinney,2,,,,,,,,,,
,,Missouri City,1,,,,,,,,,,
,,Odessa,2,,,,,,,,,,
,,Pearland,2,,,,,,,,,,
,,Plano,3,,,,,,,,,,
,,Port Lavaca,1,,,,,,,,,,
,,Rusk,1,,,,,,,,,,
,,Sachse,0,,,,,,,,,,
,,San Angelo,0,,,,,,,,,,
,,San Antonio,2,,,,,,,,,,
,,Schertz,0,,,,,,,,,,
,,Tyler,2,,,,,,,,,,
,,University Park,1,,,,,,,,,,
,,Victoria,1,,,,,,,,,,
,,Weatherford,1,,,,,,,,,,
,Universities and Colleges,,6,,,,,,,,,,
,,Alamo Community College District,0,,,,,,,,,,
,,Texas Christian University,1,,,,,,,,,,
,,"Texas Tech University, Lubbock",2,,,,,,,,,,
,,University of Texas:,,,,,,,,,,,
,,Arlington,1,,,,,,,,,,
,,Austin,2,,,,,,,,,,
,,Houston,0,,,,,,,,,,
,,Pan American,0,,,,,,,,,,
,Metropolitan Counties,,10,,,,,,,,,,
,,Brazoria,1,,,,,,,,,,
,,Galveston,3,,,,,,,,,,
,,Lubbock,2,,,,,,,,,,
,,Martin,1,,,,,,,,,,
,,Parker,1,,,,,,,,,,
,,Smith,2,,,,,,,,,,
,,Travis,0,,,,,,,,,,
,Nonmetropolitan Counties,,4,,,,,,,,,,
,,Gray,1,,,,,,,,,,
,,Young,1,,,,,,,,,,
,,Zavala,2,,,,,,,,,,
Utah,Total,,29,,,,,,,,,,
,Cities,,22,,,,,,,,,,
,,Bountiful,2,,,,,,,,,,
,,Farmington,1,,,,,,,,,,
,,Grantsville,0,,,,,,,,,,
,,Ogden,0,,,,,,,,,,
,,Price,2,,,,,,,,,,
,,Roosevelt,2,,,,,,,,,,
,,Salt Lake City,1,,,,,,,,,,
,,Sandy,2,,,,,,,,,,
,,Saratoga Springs,1,,,,,,,,,,
,,South Salt Lake,1,,,,,,,,,,
,,St. George,1,,,,,,,,,,
,,Tooele,2,,,,,,,,,,
,,Vernal,0,,,,,,,,,,
,,West Bountiful,2,,,,,,,,,,
,,West Jordan,1,,,,,,,,,,
,,West Valley,4,,,,,,,,,,
,Universities and Colleges,,1,,,,,,,,,,
,,Brigham Young University,1,,,,,,,,,,
,Metropolitan Counties,,2,,,,,,,,,,
,,Davis,1,,,,,,,,,,
,,Washington,1,,,,,,,,,,
,Nonmetropolitan Counties,,1,,,,,,,,,,
,,Duchesne,1,,,,,,,,,,
,,Uintah,0,,,,,,,,,,
Vermont,Total,,5,,,,,,,,,,
,Cities,,4,,,,,,,,,,
,,Burlington,4,,,,,,,,,,
,,South Burlington,0,,,,,,,,,,
,Universities and Colleges,,1,,,,,,,,,,
,,University of Vermont,1,,,,,,,,,,
,Nonmetropolitan Counties,,0,,,,,,,,,,
,,Windham,0,,,,,,,,,,
Virginia,Total,,108,,,,,,,,,,
,Cities,,53,,,,,,,,,,
,,Alexandria,1,,,,,,,,,,
,,Altavista,1,,,,,,,,,,
,,Bedford,1,,,,,,,,,,
,,Charlottesville,1,,,,,,,,,,
,,Chesapeake,15,,,,,,,,,,
,,Chilhowie,0,,,,,,,,,,
,,Danville,1,,,,,,,,,,
,,Emporia,1,,,,,,,,,,
,,Fairfax City,1,,,,,,,,,,
,,Front Royal,2,,,,,,,,,,
,,Galax,1,,,,,,,,,,
,,Hampton,4,,,,,,,,,,
,,Herndon,0,,,,,,,,,,
,,Hopewell,1,,,,,,,,,,
,,Kenbridge,1,,,,,,,,,,
,,Leesburg,1,,,,,,,,,,
,,Lynchburg,2,,,,,,,,,,
,,Manassas,0,,,,,,,,,,
,,Marion,0,,,,,,,,,,
,,Newport News,2,,,,,,,,,,
,,Norfolk,4,,,,,,,,,,
,,Richmond,2,,,,,,,,,,
,,Roanoke,2,,,,,,,,,,
,,Smithfield,0,,,,,,,,,,
,,Staunton,1,,,,,,,,,,
,,Vinton,3,,,,,,,,,,
,,Virginia Beach,5,,,,,,,,,,
,Universities and Colleges,,7,,,,,,,,,,
,,Christopher Newport University,1,,,,,,,,,,
,,College of William and Mary,0,,,,,,,,,,
,,George Mason University,1,,,,,,,,,,
,,Longwood University,1,,,,,,,,,,
,,Norfolk State University,1,,,,,,,,,,
,,Northern Virginia Community College,1,,,,,,,,,,
,,University of Richmond,1,,,,,,,,,,
,,University of Virginia,1,,,,,,,,,,
,,Virginia Polytechnic Institute and State University,0,,,,,,,,,,
,Metropolitan Counties,,43,,,,,,,,,,
,,Albemarle County Police Department,6,,,,,,,,,,
,,Appomattox,0,,,,,,,,,,
,,Arlington County Police Department,5,,,,,,,,,,
,,Chesterfield County Police Department,1,,,,,,,,,,
,,Dinwiddie,3,,,,,,,,,,
,,Fairfax County Police Department,16,,,,,,,,,,
,,Franklin,0,,,,,,,,,,
,,Henrico County Police Department,3,,,,,,,,,,
,,James City County Police Department,1,,,,,,,,,,
,,Loudoun,2,,,,,,,,,,
,,Mathews,1,,,,,,,,,,
,,Roanoke County Police Department,0,,,,,,,,,,
,,Rockingham,2,,,,,,,,,,
,,Spotsylvania,2,,,,,,,,,,
,,Washington,1,,,,,,,,,,
,Nonmetropolitan Counties,,4,,,,,,,,,,
,,Accomack,0,,,,,,,,,,
,,Henry,1,,,,,,,,,,
,,Madison,1,,,,,,,,,,
,,Rockbridge,1,,,,,,,,,,
,,Shenandoah,1,,,,,,,,,,
Washington,Total,,160,,,,,,,,,,
,Cities,,130,,,,,,,,,,
,,Aberdeen,1,,,,,,,,,,
,,Anacortes,1,,,,,,,,,,
,,Arlington,1,,,,,,,,,,
,,Auburn,3,,,,,,,,,,
,,Bellevue,1,,,,,,,,,,
,,Bellingham,3,,,,,,,,,,
,,Bothell,0,,,,,,,,,,
,,Burien,1,,,,,,,,,,
,,Burlington,1,,,,,,,,,,
,,Centralia,0,,,,,,,,,,
,,Des Moines,1,,,,,,,,,,
,,Edmonds,1,,,,,,,,,,
,,Ellensburg,0,,,,,,,,,,
,,Everett,1,,,,,,,,,,
,,Federal Way,4,,,,,,,,,,
,,Fife,1,,,,,,,,,,
,,Kelso,0,,,,,,,,,,
,,Kent,12,,,,,,,,,,
,,Lakewood,2,,,,,,,,,,
,,Longview,4,,,,,,,,,,
,,Marysville,1,,,,,,,,,,
,,Mercer Island,0,,,,,,,,,,
,,Moses Lake,2,,,,,,,,,,
,,Mountlake Terrace,0,,,,,,,,,,
,,Mount Vernon,0,,,,,,,,,,
,,Mukilteo,1,,,,,,,,,,
,,Olympia,2,,,,,,,,,,
,,Omak,0,,,,,,,,,,
,,Oroville,0,,,,,,,,,,
,,Orting,0,,,,,,,,,,
,,Port Angeles,0,,,,,,,,,,
,,Pullman,1,,,,,,,,,,
,,Puyallup,1,,,,,,,,,,
,,Redmond,1,,,,,,,,,,
,,Renton,3,,,,,,,,,,
,,Republic,0,,,,,,,,,,
,,Richland,1,,,,,,,,,,
,,Sammamish,1,,,,,,,,,,
,,SeaTac,0,,,,,,,,,,
,,Seattle,40,,,,,,,,,,
,,Shelton,0,,,,,,,,,,
,,Shoreline,1,,,,,,,,,,
,,Soap Lake,1,,,,,,,,,,
,,Spokane3,3,,,,,,,,,,
,,Spokane Valley,3,,,,,,,,,,
,,Steilacoom,1,,,,,,,,,,
,,Sunnyside,2,,,,,,,,,,
,,Tacoma,6,,,,,,,,,,
,,Tukwila,2,,,,,,,,,,
,,Vancouver,3,,,,,,,,,,
,,Walla Walla,11,,,,,,,,,,
,,Washougal,1,,,,,,,,,,
,,Woodway,1,,,,,,,,,,
,,Yakima,3,,,,,,,,,,
,,Zillah,0,,,,,,,,,,
,Universities and Colleges,,7,,,,,,,,,,
,,Eastern Washington University,2,,,,,,,,,,
,,Evergreen State College,0,,,,,,,,,,
,,University of Washington,4,,,,,,,,,,
,,"Washington State University, Pullman",0,,,,,,,,,,
,,Western Washington University,1,,,,,,,,,,
,Metropolitan Counties,,19,,,,,,,,,,
,,Asotin,1,,,,,,,,,,
,,Clark,1,,,,,,,,,,
,,Cowlitz,1,,,,,,,,,,
,,King,3,,,,,,,,,,
,,Kitsap,1,,,,,,,,,,
,,Pend Oreille,2,,,,,,,,,,
,,Pierce,0,,,,,,,,,,
,,Skagit,1,,,,,,,,,,
,,Snohomish,2,,,,,,,,,,
,,Spokane,2,,,,,,,,,,
,,Thurston,1,,,,,,,,,,
,,Whatcom,3,,,,,,,,,,
,,Yakima,1,,,,,,,,,,
,Nonmetropolitan Counties,,4,,,,,,,,,,
,,Clallam,0,,,,,,,,,,
,,Garfield,1,,,,,,,,,,
,,Grays Harbor,1,,,,,,,,,,
,,Lewis,1,,,,,,,,,,
,,Okanogan,1,,,,,,,,,,
West Virginia,Total,,28,,,,,,,,,,
,Cities,,16,,,,,,,,,,
,,Buckhannon,1,,,,,,,,,,
,,Charleston,6,,,,,,,,,,
,,Moundsville,6,,,,,,,,,,
,,Oak Hill,2,,,,,,,,,,
,,Weirton,1,,,,,,,,,,
,Metropolitan Counties,,6,,,,,,,,,,
,,Berkeley,0,,,,,,,,,,
,,Brooke,2,,,,,,,,,,
,,Fayette,2,,,,,,,,,,
,,Hancock,2,,,,,,,,,,
,,Kanawha,0,,,,,,,,,,
,Nonmetropolitan Counties,,6,,,,,,,,,,
,,Mason,6,,,,,,,,,,
,,McDowell,0,,,,,,,,,,
Wisconsin,Total,,27,,,,,,,,,,
,Cities,,21,,,,,,,,,,
,,Appleton,0,,,,,,,,,,
,,Ashland,0,,,,,,,,,,
,,Beloit,2,,,,,,,,,,
,,Campbell Township,0,,,,,,,,,,
,,Darlington,1,,,,,,,,,,
,,Fennimore,1,,,,,,,,,,
,,Fond du Lac,1,,,,,,,,,,
,,Green Bay,1,,,,,,,,,,
,,Janesville,1,,,,,,,,,,
,,Lancaster,0,,,,,,,,,,
,,Madison,4,,,,,,,,,,
,,Menomonie,2,,,,,,,,,,
,,Milwaukee,4,,,,,,,,,,
,,Muscoda,0,,,,,,,,,,
,,New Berlin,1,,,,,,,,,,
,,Onalaska,1,,,,,,,,,,
,,Rhinelander,1,,,,,,,,,,
,,River Falls,1,,,,,,,,,,
,Universities and Colleges,,0,,,,,,,,,,
,,"University of Wisconsin, Platteville",0,,,,,,,,,,
,Metropolitan Counties,,2,,,,,,,,,,
,,Fond du Lac,0,,,,,,,,,,
,,Rock,2,,,,,,,,,,
,,Waukesha,0,,,,,,,,,,
,Nonmetropolitan Counties,,4,,,,,,,,,,
,,Burnett,1,,,,,,,,,,
,,Oneida,0,,,,,,,,,,
,,Sawyer,3,,,,,,,,,,
Wyoming,Total,,2,,,,,,,,,,
,Cities,,2,,,,,,,,,,
,,Gillette,2,,,,,,,,,,
"1 Population figures are published only for the cities. The figures listed for the universities and colleges are student enrollment and were provided by the United States Department of Education for the 2014 school year, the most recent available. The enrollment figures include full-time and part-time students.",,,,,,,,,,,,,
2 Student enrollment figures were not available.,,,,,,,,,,,,,
3 Includes one incident reported with more than one bias motivation.,,,, ,,,,,,,,,
,,,,,,,,,,,,,
,,,,,,,,,,,,,
,,,,,,,,,,,,,
,,,,,,,,,,,,,
